Azathioprine,Kuzu,Yoga,Citalopram,Pentasa,Daily walk,co-tenidone,Subling B12
,0.0,0.0,-2.22044604925e-16,-2.22044604925e-16,0.0,0.0,0.0
0.0,,0.0,0.0,0.0,0.0,,0.0
0.0,0.0,,0.0,0.0,0.0,,0.0
-2.22044604925e-16,0.0,0.0,,-2.22044604925e-16,0.0,0.0,0.0
-2.22044604925e-16,0.0,0.0,-2.22044604925e-16,,0.0,0.0,0.0
0.0,0.0,0.0,0.0,0.0,,,0.0
0.0,,,0.0,0.0,,,
0.0,0.0,0.0,0.0,0.0,0.0,,
