Borage oil,Gelatin
,1.49301257198
1.49301257198,
