Vitamin C,Selenium,Levothyroxine
,0.786680091851,2.17495451471e-06
0.786680091851,,0.788718191755
2.17495451471e-06,0.788718191755,
