Vitamin C,Selenium,Levothyroxine,row
,0.786680091851,2.17495451471e-06,Vitamin C
0.786680091851,,0.788718191755,Selenium
2.17495451471e-06,0.788718191755,,Levothyroxine
