busy,grains,No milk,ate grains,Superlong nap,dairy,ate red meat,ate at a restaurant,ate breakfast,row
,2.0,0.0,0.0,0.589218772797,2.0,0.0,0.0,2.22044604925e-16,busy
2.0,,,2.0,0.0,0.0,2.0,2.0,2.0,grains
0.0,,,,0.0,2.0,,,0.0,No milk
0.0,2.0,,,2.0,2.0,0.0,0.0,0.0,ate grains
0.589218772797,0.0,0.0,2.0,,1.4107812272,2.0,2.0,0.589218772797,Superlong nap
2.0,0.0,2.0,2.0,1.4107812272,,2.0,2.0,2.0,dairy
0.0,2.0,,0.0,2.0,2.0,,0.0,0.0,ate red meat
0.0,2.0,,0.0,2.0,2.0,0.0,,0.0,ate at a restaurant
2.22044604925e-16,2.0,0.0,0.0,0.589218772797,2.0,0.0,0.0,,ate breakfast
