Borage oil,Gelatin
,0.375304952446
0.375304952446,
